23	HUMAN_CANOEING_CARVE_TRAILBLAZER_AXE_NO_INFERNAL
24	HUMAN_WOODCUTTING_TRAILBLAZER_AXE_NO_INFERNAL
85	HUMAN_WOODCRAFTING_AXE_TRAILBLAZER_NO_INFERNAL
88	HUMAN_HARPOON_TRAILBLAZER_NO_INFERNAL
179	HUMAN_PRAY_LOOP
189	EMOTE_YES_LOOP
190	EMOTE_NO_LOOP
191	EMOTE_THINK_LOOP
192	EMOTE_BOW_LOOP
193	EMOTE_ANGRY_LOOP
194	EMOTE_CRY_LOOP
195	EMOTE_LAUGH_LOOP
196	EMOTE_CHEER_LOOP
197	EMOTE_WAVE_LOOP
335	HUMAN_MINING_DRAGON_PICKAXE_PRETTY_WALL
363	HUMAN_HERBING_VIAL
364	HUMAN_HERBING_GRIND
365	HUMAN_EXPLODINGVIAL
368	HUMAN_BLOWN_MIDDLE_PRIORITY
376	HUMAN_DDAGGER_LUNGE
377	HUMAN_DDAGGER_HACK
378	HUMAN_DDAGGER_BLOCK
379	HUMAN_DDAGGER_DEF
380	HUMAN_DSPEAR_SLASH
381	HUMAN_DSPEAR_STAB
382	HUMAN_DSPEAR_LUNGE
383	HUMAN_DSPEAR_BLOCK
384	HUMAN_DSPEAR_DEF
385	HUMAN_THROW
386	HUMAN_SWORD_STAB
387	HUMAN_SWORD_BLOCK
388	HUMAN_SWORD_DEF
389	HUMAN_SWORD_TRANSDEF
390	HUMAN_SWORD_SLASH
391	HUMAN_SWORD_TRANSSLASH
392	HUMAN_SWORD_LUNGE
393	HUMAN_AXE_CHOP
394	HUMAN_TRANS_AXE_CHOP
395	HUMAN_AXE_HACK
396	HUMAN_AXE_SMASH
397	HUMAN_AXE_BLOCK
398	HUMAN_AXE_DEF
399	HUMAN_TRANS_AXE_DEF
400	HUMAN_BLUNT_SPIKE
401	HUMAN_BLUNT_POUND
402	HUMAN_BLUNT_PUMMEL
403	HUMAN_BLUNT_BLOCK
404	HUMAN_BLUNT_DEF
405	HUMAN_DHSWORD_STAB
406	HUMAN_DHSWORD_CHOP
407	HUMAN_DHSWORD_SLASH
408	HUMAN_DHSWORD_LUNGE
409	HUMAN_DHSWORD_SPIN
410	HUMAN_DHSWORD_BLOCK
411	HUMAN_DHSWORD_DEF
412	HUMAN_STAFF_SPIKE
413	HUMAN_STAFF_POUND
414	HUMAN_STAFF_PUMMEL
415	HUMAN_STAFF_BLOCK
416	HUMAN_STAFF_DEF
417	HUMAN_STAFFORB_SPIKE
418	HUMAN_STAFFORB_POUND
419	HUMAN_STAFFORB_PUMMEL
420	HUMAN_STAFFORB_BLOCK
421	HUMAN_STAFFORB_DEF
422	HUMAN_UNARMEDPUNCH
423	HUMAN_UNARMEDKICK
424	HUMAN_UNARMEDBLOCK
425	HUMAN_UNARMED_DEF
426	HUMAN_BOW
427	HUMAN_CROSSBOW
428	HUMAN_SPEAR_SPIKE
429	HUMAN_SPEAR_LUNGE
430	HUMAN_SPEAR_BLOCK
431	HUMAN_SPEAR_DEF
432	HUMAN_SPEAR_THROW
433	HUMAN_FARMERSFORK_STAB
434	HUMAN_FARMERSFORK_DEF
435	HUMAN_SCYTHE_BLOCK
436	HUMAN_SCYTHE_DEF
437	HUMAN_SCYTHE_SLASH
438	HUMAN_SCYTHE_LUNGE
439	HUMAN_SCYTHE_SPIN
440	HUMAN_SCYTHE_SWEEP
528	HUMAN_WHIRLPOOL
529	HUMAN_ROCKFALL
530	HUMAN_SWINGINGBOULDERTRAP2
531	HUMAN_SWINGINGBOULDERTRAP
532	HUMAN_SPEARTRAP
533	HUMAN_SPRINGTRAP
534	HUMAN_GETUP
535	HUMAN_CLOSECHEST
536	HUMAN_OPENCHEST
537	HUMAN_LOCKEDCHEST
538	HUMAN_OPENCUPBOARD
539	HUMAN_CLOSECUPBOARD
540	HUMAN_LOCKEDCUPBOARD
541	HUMAN_CLOSEHIGHCUPBOARD
542	HUMAN_OPENHIGHCUPBOARD
543	HUMAN_LOCKEDHIGHCUPBOARD
544	HUMAN_CLOSEBIGCUPBOARD
545	HUMAN_OPENBIGCUPBOARD
546	HUMAN_LOCKEDBIGCUPBOARD
547	HUMAN_OPENDOOR
548	HUMAN_OPENDESERTDOOR
549	HUMAN_GOTHROUGHDESERTDOOR
550	HUMAN_OPENDOORL
551	HUMAN_OPENDOORR
552	HUMAN_CLOSEDOORL
553	HUMAN_CLOSEDOORR
566	HUMAN_WEAPONS_CRIMSON_KISTEN_ATTACK_ALT
618	HUMAN_HARPOON
619	HUMAN_LOBSTER
620	HUMAN_LARGENET
621	HUMAN_SMALLNET
622	HUMAN_FISHING_CASTING
623	HUMAN_FISH_ONSPOT
624	HUMAN_MINING_RUNE_PICKAXE
625	HUMAN_MINING_BRONZE_PICKAXE
626	HUMAN_MINING_IRON_PICKAXE
627	HUMAN_MINING_STEEL_PICKAXE
628	HUMAN_MINING_ADAMANT_PICKAXE
629	HUMAN_MINING_MITHRIL_PICKAXE
642	HUMAN_MINING_DRAGON_PICKAXE_PRETTY
643	HUMAN_MINING_DRAGON_PICKAXE_PRETTY_NOREACHFORWARD
645	HUMAN_PRAY
707	HUMAN_CASTZAP
708	HUMAN_CASTIBANBLAST
709	HUMAN_CASTHEAL
710	HUMAN_CASTENTANGLE
711	HUMAN_CASTSTRIKE
712	HUMAN_CASTLOWLVLALCHEMY
713	HUMAN_CASTHIGHLVLALCHEMY
714	HUMAN_CASTTELEPORT
715	HUMAN_CASTTELEPORT_REVERSE
716	HUMAN_CASTCONFUSE
717	HUMAN_CASTWEAKEN
718	HUMAN_CASTCURSE
719	HUMAN_ENCHANTAMULETLVL1
720	HUMAN_ENCHANTAMULETLVL2
721	HUMAN_ENCHANTAMULETLVL3
722	HUMAN_CASTBONESTOBANANAS
723	HUMAN_CASTTELEGRAB
724	HUMAN_CASTCRUMBLEUNDEAD
725	HUMAN_CASTSUPERHEATITEM
726	HUMAN_CASTCHARGEORB
727	HUMAN_CASTWAVE
728	HUMAN_CASTENFEEBLE
729	HUMAN_CASTSTUN
733	HUMAN_CREATEFIRE
734	HUMAN_BLOWN_START
735	HUMAN_BLOWN_MIDDLE
736	HUMAN_BLOWN_END_GETUP
737	HUMAN_CLIMBING
738	HUMAN_CLIMBING_READY
739	HUMAN_CLIMBING_FALL
740	HUMAN_CLIMBING_DOWN
741	HUMAN_SPOT_JUMP
742	HUMAN_MONKEYBARS_ON
743	HUMAN_MONKEYBARS_OFF
744	HUMAN_MONKEYBARS_WALK
745	HUMAN_MONKEYBARS_READY
746	HUMAN_PIPESQUEEZE
747	HUMAN_PIPESQUEEZE_READY
748	HUMAN_PIPEUNSQUEEZE
749	HUMAN_DOUBLEPIPESQUEEZE
750	HUMAN_ROPESWING
751	HUMAN_ROPESWING_LONG
752	HUMAN_INTO_SIDESTEP
753	HUMAN_INTO_SIDESTEPL
754	HUMAN_WALK_SIDESTEP
755	HUMAN_READY_SIDESTEP
756	HUMAN_WALK_SIDESTEPL
757	HUMAN_READY_SIDESTEPL
758	HUMAN_OUTOF_SIDESTEP
759	HUMAN_OUTOF_SIDESTEPL
760	HUMAN_SIDESTEP_FALL
761	HUMAN_SIDESTEP_FALLL
762	HUMAN_WALK_LOGBALANCE
763	HUMAN_WALK_LOGBALANCE_READY
764	HUMAN_WALK_LOGBALANCE_STUMBLE
765	HUMAN_DROWNING
766	HUMAN_FALLING
767	HUMAN_FALLING_END
768	HUMAN_FALLING_4
769	HUMAN_STEPPINGSTONEJUMP
770	HUMAN_WOBBLEANDFALL_L
771	HUMAN_WOBBLEANDFALL_R
772	HUMAN_SWIM
773	HUMAN_SWIM_READY
774	HUMAN_THROWROPE
775	HUMAN_THROWROPE_UP
776	HUMAN_WADING
777	HUMAN_WADING_READY
778	HUMAN_GNOME_TACKLE
779	HUMAN_TACKLED
780	HUMAN_GNOME_TACKLE_FAIL
781	HUMAN_GNOME_TACKLE_READY
782	HUMAN_CATCH
783	HUMAN_THROW_GNOMEBALL
785	HUMAN_BLOWN_END_GETUP_PRIORITY
791	HUMAN_RUNECRAFT
792	HUMAN_GENI_WALKANDREADY
793	HUMAN_CAST2_TELEPORT
794	HUMAN_STAMP
795	HUMAN_STUMBLE_AND_HANG
796	HUMAN_STUMBLE_AND_HANG_READY
797	HUMAN_STUMBLE_AND_HANG_CLIMBUP
798	HUMAN_BOXLEVER
802	HUMAN_FISHSIZE
803	HUMAN_SMOKEPUFF_TELE_APPEAR
804	HUMAN_SMOKEPUFF_TELE_DISAPPEAR
805	HUMAN_MINDTRICK
806	HUMAN_STAKE
807	HUMAN_LONGJUMP
808	HUMAN_READY
809	HUMAN_DS_READY
810	HUMAN_PUSH
811	HUMAN_CASTING
812	HUMAN_TRANS_CASTING
813	HUMAN_STAFFREADY
814	HUMAN_GETINBED
815	HUMAN_GETOUTBED
816	HUMAN_GETINBED_LEFT
817	HUMAN_GETOUTBED_LEFT
818	HUMAN_DANCING
819	HUMAN_WALK_F
820	HUMAN_WALK_B
821	HUMAN_WALK_L
822	HUMAN_WALK_R
823	HUMAN_TURNONSPOT
824	HUMAN_RUNNING
825	HUMAN_READY_DH
826	HUMAN_WALK_F_DH
827	HUMAN_PICKUPFLOOR
828	HUMAN_REACHFORLADDER
829	HUMAN_EAT
830	HUMAN_DIG
831	HUMAN_DIG_LONG
832	HUMAN_PICKUPTABLE
833	HUMAN_REACHFORLADDERTOP
834	HUMAN_LEVERDOWN
835	HUMAN_LEVERUP
836	HUMAN_DEATH
837	HUMAN_DEATH_BACKWARDS
838	HUMAN_UNCONSCIOUS
839	HUMAN_WALK_STYLE
840	HUMAN_WALK_CRUMBLEDWALL
841	HUMAN_TRANSWALK_F
842	HUMAN_TRANSREADY
843	HUMAN_TRANSDEATH
844	HUMAN_CRAWLING
845	HUMAN_CRAWLING_READY
846	HUMAN_STUMBLE_BACK
847	HUMAN_READY_SCYTHE
848	HUMAN_STUNNED
849	HUMAN_LEDGE_ON_LEFT
850	HUMAN_LEDGE_OFF_LEFT
851	HUMAN_LEDGE_ON_RIGHT
852	HUMAN_LEDGE_OFF_RIGHT
853	HUMAN_LEDGE_WALK_LEFT
854	HUMAN_LEDGE_WALK_RIGHT
855	EMOTE_YES
856	EMOTE_NO
857	EMOTE_THINK
858	EMOTE_BOW
859	EMOTE_ANGRY
860	EMOTE_CRY
861	EMOTE_LAUGH
862	EMOTE_CHEER
863	EMOTE_WAVE
864	EMOTE_BECKON
865	EMOTE_CLAP
866	EMOTE_DANCE
867	HUMAN_WOODCUTTING_RUNE_AXE
868	EMOTE_RUN_ON_SPOT
869	HUMAN_WOODCUTTING_ADAMANT_AXE
870	EMOTE_STARJUMP_5
871	HUMAN_WOODCUTTING_MITHRIL_AXE
872	EMOTE_PUSHUPS_5
873	HUMAN_WOODCUTTING_BLACK_AXE
874	EMOTE_SITUPS_5
875	HUMAN_WOODCUTTING_STEEL_AXE
877	HUMAN_WOODCUTTING_IRON_AXE
879	HUMAN_WOODCUTTING_BRONZE_AXE
881	HUMAN_PICKPOCKET
882	HUMAN_WALK_FENCE_NORTH
883	HUMAN_POTTERYWHEEL
884	HUMAN_GLASSBLOWING
885	HUMAN_DRAGONSTONECUTTING
886	HUMAN_DIAMONDCUTTING
887	HUMAN_RUBYCUTTING
888	HUMAN_SAPPHIRECUTTING
889	HUMAN_EMERALDCUTTING
890	HUMAN_OPALCUTTING
891	HUMAN_JADECUTTING
892	HUMAN_REDTOPAZCUTTING
893	HUMAN_SHEARING
895	HUMAN_FILLBUCKET_SANDPIT
896	HUMAN_COOKING
897	HUMAN_FIRECOOKING
898	HUMAN_SMITHING
899	HUMAN_FURNACE
904	HUMAN_UPASS_HANG_READY
905	HUMAN_UPASS_STUMBLE_INTO_HANG
906	HUMAN_UPASS_CLIMB_OUT_OF_HANG
908	HUMAN_BULLROARER
909	HUMAN_MAPPING
910	HUMAN_MACHETTE_CHOP
911	HUMAN_KNIFE_CHOP
915	HUMAN_LEAN
916	HUMAN_LEAN_READY
918	HUMAN_PLAYHORSEY_BROWN
919	HUMAN_PLAYHORSEY_WHITE
920	HUMAN_PLAYHORSEY_BLACK
921	HUMAN_PLAYHORSEY_GREY
929	HUMAN_STAKE2
931	HUMAN_CAST_ENCHANTRING
1026	HUMAN_CHOMPYBIRD_OGREBELLOWS
1078	HUMAN_TRANSFORM
1105	HUMAN_ROPESWING_LONG_MISS
1106	HUMAN_LOWWALL_FAIL
1128	EMOTE_GLASS_WALL
1129	EMOTE_MIME_LEAN
1130	EMOTE_CLIMBING_ROPE
1131	EMOTE_GLASS_BOX
1137	HUMAN_SITTING_CHAIR
1156	HUMAN_SHIELD_DEFENCE
1157	HUMAN_TROLL_FLYBACK
1161	HUMAN_CASTENTANGLE_STAFF
1162	HUMAN_CASTSTRIKE_STAFF
1163	HUMAN_CASTCONFUSE_STAFF
1164	HUMAN_CASTWEAKEN_STAFF
1165	HUMAN_CASTCURSE_STAFF
1166	HUMAN_CASTCRUMBLEUNDEAD_STAFF
1167	HUMAN_CASTWAVE_STAFF
1168	HUMAN_CASTENFEEBLE_STAFF
1169	HUMAN_CASTSTUN_STAFF
1191	HUMAN_EAT_BANANA
1193	HUMAN_OCTOPUS_POT
1194	HUMAN_DRINK_RUM
1196	HUMAN_WRETCH
1205	HUMAN_HALBERDWALK_F
1206	HUMAN_HALBERDWALK_B
1207	HUMAN_HALBERDWALK_L
1208	HUMAN_HALBERDWALK_R
1209	HUMAN_HALBERDTURNONSPOT
1210	HUMAN_HALBERDRUNNING
1248	HUMAN_FLETCHING
1249	HUMAN_LEATHER_CRAFTING
1252	HUMAN_LOWWALL
1280	HUMAN_SNAILSHELLCUTTING
1306	HUMAN_ZOMBIE_WALK
1307	HUMAN_SHADE_DEFENCE
1309	HUMAN_LIMESTONECUTTING
1323	HUMAN_WALK_TANKARD_F
1324	HUMAN_WALK_TANKARD_B
1325	HUMAN_WALK_TANKARD_L
1326	HUMAN_WALK_TANKARD_R
1350	HUMAN_READBOOK
1351	HUMAN_SITTINGDOWN_READY
1352	HUMAN_SITTINGDOWN_SCRATCH
1353	HUMAN_SITTINGDOWN_THINK
1354	HUMAN_SITTINGDOWN_MOVE
1374	EMOTE_BLOW_KISS
1379	HUMAN_MM_FLYBACK
1421	HUMAN_BANNERREADY
1422	HUMAN_BANNERWALK_F
1423	HUMAN_BANNERWALK_B
1424	HUMAN_BANNERWALK_L
1425	HUMAN_BANNERWALK_R
1426	HUMAN_BANNERTURNONSPOT
1427	HUMAN_BANNERRUNNING
1428	HUMAN_BANNER_SPIKE
1429	HUMAN_BANNER_BLOCK
1440	HUMAN_CRAWLING_LONG
1441	HUMAN_STUMBLE_BACK_CONTINUOUS
1486	HUMAN_PICKUPTROLLWEISS_DOWN
1487	HUMAN_PICKUPTROLLWEISS_UP
1603	HUMAN_JUMP_HURDLE
1604	HUMAN_JUMP_STONES
1696	HUMAN_DODGE_RF_A
1697	HUMAN_DODGE_RF_B
1698	HUMAN_DODGE_RF_C
1699	HUMAN_DODGE_RF_D
1700	HUMAN_DODGE_RF_E
1701	HUMAN_DODGE_RF_F
1702	HUMAN_ZAMORAKSPEAR_TURNONSPOT
1703	HUMAN_ZAMORAKSPEAR_WALK_F
1704	HUMAN_ZAMORAKSPEAR_WALK_B
1705	HUMAN_ZAMORAKSPEAR_WALKRIGHT
1706	HUMAN_ZAMORAKSPEAR_WALKLEFT
1707	HUMAN_ZAMORAKSPEAR_RUN
1709	HUMAN_ZAMORAKSPEAR_BLOCK
1710	HUMAN_ZAMORAKSPEAR_LUNGE
1711	HUMAN_ZAMORAKSPEAR_STAB
1712	HUMAN_ZAMORAKSPEAR_SLASH
1713	HUMAN_ZAMORAKSPEAR_READY
1728	HUMAN_FARMING
1755	HUMAN_HAMMER_HIT
1774	HUMAN_EGG_ROLL
1775	HUMAN_EGG_ROLL_FAST
1809	HUMAN_WALL_BEAST_SPECIALATTACK_START
1810	HUMAN_WALL_BEAST_SPECIALATTACK_READY
1811	HUMAN_WALL_BEAST_SPECIALATTACK_END
1816	HUMAN_TELEPORT_OTHER_IMPACT
1818	HUMAN_TELEPORT_OTHER_CASTING
1819	HUMAN_CASTING_TELE_BLOCK
1820	HUMAN_CASTING_TELE_BLOCK_STAFF
1830	HUMAN_RUBBER_CHICKEN_WALK
1831	HUMAN_RUBBER_CHICKEN_RUNNING
1832	HUMAN_RUBBER_CHICKEN_READY
1833	HUMAN_RUBBER_CHICKEN_ATTACK
1834	HUMAN_RUBBER_CHICKEN_BLOCK
1835	HUMAN_CHICKEN_DANCE
1836	HUMAN_SKIPPING_WALK
1837	HUMAN_SKIPPING_READY
1989	HUMAN_CHOCOLATE_FLETCHING
2009	HUMAN_COLLECT_SAP
2059	HUMAN_READBOOK_POSH
2093	HUMAN_OPENINGCHEST_START
2094	HUMAN_OPENINGCHEST_MID
2095	HUMAN_OPENINGCHEST_END
2096	HUMAN_PICK_WALL_START
2097	HUMAN_PICK_WALL_MIDDLE
2098	HUMAN_PICK_WALL_END
2105	EMOTE_PANIC
2106	EMOTE_DANCE_SCOTTISH
2107	EMOTE_DANCE_SPIN
2108	EMOTE_DANCE_HEADBANG
2109	EMOTE_JUMP_WITH_JOY
2110	EMOTE_YA_BOO_SUCKS
2111	EMOTE_YAWN
2112	EMOTE_FREMMENIK_SALUTE
2113	EMOTE_SHRUG
2116	HUMAN_CANOEING_CARVE_INFERNAL_AXE
2117	HUMAN_WOODCUTTING_INFERNAL_AXE
2127	HUMAN_CAVE_GOBLIN_BOW
2128	HUMAN_CAVE_GOBLIN_DANCE
2146	HUMAN_CLIMBING_BOOKCASE
2147	HUMAN_CLIMBING_BOOKCASE_FAIL
2148	HUMAN_MINECART_ANIM
2149	HUMAN_GENI_BOWING
2171	HUMAN_USE_WOM_TELECOPE
2306	HUMAN_APPLECRUSH
2316	HUMAN_TOADCANNON_READY
2317	HUMAN_TOADCANNON_WALK_F
2318	HUMAN_TOADCANNON_WALK_B
2319	HUMAN_TOADCANNON_WALK_L
2320	HUMAN_TOADCANNON_WALK_R
2321	HUMAN_TOADCANNON_TURNONSPOT
2322	HUMAN_TOADCANNON_RUNNING
2323	HUMAN_TOADCANNON_ATTACK
2324	HUMAN_TOADCANNON_PARRY
2325	HUMAN_TOADCANNON_PREPARE
2326	HUMAN_TOADCANNON_FIRE
2327	HUMAN_WOODCRAFTING_AXE_BRONZE
2333	HUMAN_SECRET_GHOST_TRANSWALK_F
2334	HUMAN_SECRET_GHOST_TRANSREADY
2338	HUMAN_CRAWL_READY_FOR_FORGET
2339	HUMAN_SITTING_DRUNK_READY
2340	HUMAN_SITTING_DRUNK_FALL
2343	HUMAN_CLINK_BEERGLASS
2376	HUMAN_FROG_KISS
2377	HUMAN_CHANGE_INTO_FROG
2394	HUMAN_USE_INSECT_REPELLANT
2409	HUMAN_SHIELD_CRAFTING_COMBAT
2410	HUMAN_SHIELD_CRAFTING_POISON
2411	HUMAN_SHIELD_CRAFTING_DISEASE
2441	HUMAN_SHOVEL_COKE_UP
2442	HUMAN_SHOVEL_COKE_DOWN
2443	HUMAN_SHOVEL_COKE_FIN
2450	HUMAN_THROW_BUCKET
2553	HUMAN_BECOME_SKELETON_DEATH
2561	HUMAN_DH_WEAPON_READY
2562	HUMAN_DH_WEAPON_WALK
2563	HUMAN_DH_WEAPON_RUN
2581	HUMAN_WOBBLEANDFALL_SHORT_L
2582	HUMAN_WOBBLEANDFALL_SHORT_R
2691	EMOTE_BECKON_LOOP
2695	HUMAN_SHEARING_UNFERTH
2697	HUMAN_TWOCATS_GOT_WOOD
2698	HUMAN_TWOCATS_IGNITE_WOOD
2710	HUMAN_PULL_MAGEARENA_LEVER
2717	HUMAN_ONYXCUTTING
2757	HUMAN_LEDGE_WALK_LEFT_LOOPED
2779	HUMAN_CHINCHOMPA_ATTACK
2780	HUMAN_PLAY_WITH_PET_FISH_BLUE
2781	HUMAN_FEED_PET_FISH_BLUE
2782	HUMAN_TALK_TO_PET_FISH_BLUE
2783	HUMAN_PLAY_WITH_PET_FISH_GREEN
2784	HUMAN_FEED_PET_FISH_GREEN
2785	HUMAN_TALK_TO_PET_FISH_GREEN
2786	HUMAN_PLAY_WITH_PET_FISH_SPINE
2787	HUMAN_FEED_PET_FISH_SPINE
2788	HUMAN_TALK_TO_PET_FISH_SPINE
2796	HUMAN_LONGCRAWL
2797	HUMAN_PROTEST_READY
2846	HUMAN_WOODCUTTING_DRAGON_AXE
3000	HUMAN_BALL_ATTACK
3001	HUMAN_BALL_KICK_ATTACK
3002	HUMAN_BALL_DEFEND
3003	HUMAN_MARIONETTE_JUMP
3004	HUMAN_MARIONETTE_WALK
3005	HUMAN_MARIONETTE_BOW
3006	HUMAN_MARIONETTE_DANCE
3032	HUMAN_MAGICTRAINING_OPEN_CUPBOARD
3041	HUMAN_SHRINK
3071	HUMAN_DWARF_RECIEVE
3140	HUMAN_READBOOK_TURNRIGHT
3141	HUMAN_READBOOK_TURNLEFT
3142	HUMAN_READBOOK_POSH_TURNRIGHT
3143	HUMAN_READBOOK_POSH_TURNLEFT
3170	HUMAN_KILLERWATT_ELECTRICSHOCK
3175	HUMAN_CHINCHOMPA_READY
3176	HUMAN_CHINCHOMPA_DEFEND
3177	HUMAN_CHINCHOMPA_WALK
3178	HUMAN_CHINCHOMPA_RUN
3183	HUMAN_WOODCRAFTING_AXE_INFERNAL
3193	EMOTE_CLAP_LOOP
3243	HUMAN_FAI_FURNACE
3256	HUMAN_FAIRY_KNEEL_AND_OFFER
3257	HUMAN_FAIRY_TAKE_AND_HOLD_UP
3265	HUMAN_FAIRY_VANISH
3266	HUMAN_FAIRY_APPEAR
3268	HUMAN_SPEARTRAP_INTO_SIDESTEP
3269	HUMAN_SPEARTRAP_INTO_SIDESTEPL
3270	HUMAN_SPEARTRAP_WALK_SIDESTEP
3271	HUMAN_SPEARTRAP_READY_SIDESTEP
3272	HUMAN_SPEARTRAP_WALK_SIDESTEPL
3273	HUMAN_SPEARTRAP_READY_SIDESTEPL
3274	HUMAN_SPEARTRAP_OUTOF_SIDESTEP
3275	HUMAN_SPEARTRAP_OUTOF_SIDESTEPL
3276	HUMAN_SPEARTRAP_WALK_SIDESTEP_LONG_L
3277	HUMAN_SPEARTRAP_WALK_SIDESTEP_LONG
3278	HUMAN_SPEARTRAP_WALK_SIDESTEP_CAUGHT_L
3279	HUMAN_SPEARTRAP_WALK_SIDESTEP_CAUGHT
3280	HUMAN_DEAD
3283	HUMAN_APOTHECARY_CREATE_POTION
3284	HUMAN_DRINK_FROM_VIAL_CADAVA
3285	HUMAN_CANOEING_CARVE_RUNE_AXE
3286	HUMAN_CANOEING_CARVE_ADAMANT_AXE
3287	HUMAN_CANOEING_CARVE_MITHRIL_AXE
3288	HUMAN_CANOEING_CARVE_BLACK_AXE
3289	HUMAN_CANOEING_CARVE_STEEL_AXE
3290	HUMAN_CANOEING_CARVE_IRON_AXE
3291	HUMAN_CANOEING_CARVE_BRONZE_AXE
3292	HUMAN_CANOEING_CARVE_DRAGON_AXE
3331	HUMAN_FUNGICIDE_PUMP_ATTACK
3332	HUMAN_FUNGICIDE_PUMP_READY
3333	HUMAN_FUNGICIDE_PUMP_DEFEND
3334	HUMAN_FUNGICIDE_PUMP_WALK
3335	HUMAN_FUNGICIDE_PICK_ZYGOMITE
3413	HUMAN_PLAY_WWF_LION
3414	HUMAN_PLAY_WWF_TIGER
3415	HUMAN_REAL_SWIMMING
3416	HUMAN_REAL_SWIMMING_INTO_READY
3417	HUMAN_READY_INTO_REAL_SWIMMING
3418	HUMAN_REAL_SWIMMING_READY
3419	HUMAN_REAL_SWIMMING_DEATH
3420	HUMAN_REAL_SWIMMING_PICKUP_FLOOR
3421	HUMAN_REAL_SWIMMING_CLIMB_ANCHOR
3422	HUMAN_REAL_SWIMMING_BOMBDIVE
3423	HUMAN_REAL_SWIMMING_INTO_BOMBDIVE
3541	HUMAN_PLAY_WWF_SNOW_LEOPARD
3602	HUMAN_THROW_HOOP1
3603	HUMAN_THROW_HOOP2
3605	HUMAN_THROW_DART1
3606	HUMAN_THROW_DART2
3608	HUMAN_THROW_ARROW1
3609	HUMAN_THROW_ARROW2
3611	HUMAN_PULL_LEVER
3622	HUMAN_SINK_ACTIVATE
3623	HUMAN_SINK_STEPBACK
3624	HUMAN_PUMP_SINK
3625	HUMAN_PUMP_SINK_KETTLE
3626	HUMAN_SPIKE_TRAP_HIT
3627	HUMAN_SPIKE_TRAP_MISS
3630	HUMAN_MAN_TRAP_HIT
3634	HUMAN_PLANT_TRAP_HIT_START
3635	HUMAN_PLANT_TRAP_HIT_END
3636	HUMAN_PLANT_TRAP_HIT_LOOP
3639	HUMAN_MARBLE_TRAP_HIT
3640	HUMAN_FALL_FROM_SKY
3641	HUMAN_FALL_FROM_SKY_WATER
3645	HUMAN_USE_SCRYING_POOL
3649	HUMAN_USE_TELESCOPE
3651	HUMAN_USE_CRYSTALBALL
3653	HUMAN_STUDY_READY
3654	HUMAN_USE_ARMOUR_REPAIR_STAND
3655	HUMAN_USE_PAINTING_STAND
3656	HUMAN_USE_BANNER_STAND
3674	HUMAN_USE_WINDCHIMES
3675	HUMAN_USE_CHAPEL_ORGAN
3676	HUMAN_POH_BUILD
3677	HUMAN_BOXING_READY
3678	HUMAN_BOXING_JAB
3679	HUMAN_BOXING_BLOCK
3680	HUMAN_BOXING_WALK
3683	HUMAN_POH_BUILD_FLOOR
3684	HUMAN_POH_BUILD_WALL
3685	HUMAN_THROW_AWAY
3686	HUMAN_SIT_EAT
3687	HUMAN_LIGHT_TORCH
3688	HUMAN_GET_OVER_COMBATRING_NOGLOVES
3689	HUMAN_GET_OVER_COMBATRING_REDGLOVES
3690	HUMAN_GET_OVER_COMBATRING_BLUEGLOVES
3691	HUMAN_PICKLOCK_CHEST
3692	HUMAN_PICKLOCK_CAGEDOOR
3693	HUMAN_FORCELOCK_CAGEDOOR
3694	HUMAN_PICKLOCK_CAGEDOOR_INWATER
3695	HUMAN_FORCELOCK_CAGEDOOR_INWATER
3696	HUMAN_USE_PIZZAOVEN
3697	HUMAN_USE_TOOLRACK
3701	HUMAN_RUB_FAIRY_HOUSE
3702	HUMAN_DRINK_FROM_TEACUP_CLAY
3703	HUMAN_DRINK_FROM_TEACUP_CHINA
3704	HUMAN_DRINK_FROM_TEACUP_GILTCHINA
3705	HUMAN_BONE_SACRIFICE
3741	HUMAN_TREK_BRIDGE_REPAIR_AXE
3747	HUMAN_KNIFE_SLASH
3803	EMOTE_BLOW_KISS_LOOP
3839	HUMAN_PLAY_WWF_AMUR_LEOPARD
3866	HUMAN_MINING_BLACK_PICKAXE_WALL
3873	HUMAN_MINING_BLACK_PICKAXE
3945	HUMAN_WILDERNESS_PORTAL
4043	HUMAN_USE_STAFF_WITH_CRYSTALBALL1_AIR
4044	HUMAN_USE_STAFF_WITH_CRYSTALBALL2_AIR
4045	HUMAN_USE_STAFF_WITH_CRYSTALBALL1_EARTH
4046	HUMAN_USE_STAFF_WITH_CRYSTALBALL2_EARTH
4047	HUMAN_USE_STAFF_WITH_CRYSTALBALL1_WATER
4048	HUMAN_USE_STAFF_WITH_CRYSTALBALL2_WATER
4049	HUMAN_USE_STAFF_WITH_CRYSTALBALL1_FIRE
4050	HUMAN_USE_STAFF_WITH_CRYSTALBALL2_FIRE
4051	HUMAN_USE_STAFF_WITH_CRYSTALBALL1_AIR_BATTLESTAFF
4052	HUMAN_USE_STAFF_WITH_CRYSTALBALL2_AIR_BATTLESTAFF
4053	HUMAN_USE_STAFF_WITH_CRYSTALBALL1_EARTH_BATTLESTAFF
4054	HUMAN_USE_STAFF_WITH_CRYSTALBALL2_EARTH_BATTLESTAFF
4055	HUMAN_USE_STAFF_WITH_CRYSTALBALL1_WATER_BATTLESTAFF
4056	HUMAN_USE_STAFF_WITH_CRYSTALBALL2_WATER_BATTLESTAFF
4057	HUMAN_USE_STAFF_WITH_CRYSTALBALL1_FIRE_BATTLESTAFF
4058	HUMAN_USE_STAFF_WITH_CRYSTALBALL2_FIRE_BATTLESTAFF
4059	HUMAN_USE_STAFF_WITH_CRYSTALBALL1_MYSTIC_AIR_STAFF
4060	HUMAN_USE_STAFF_WITH_CRYSTALBALL2_MYSTIC_AIR_STAFF
4061	HUMAN_USE_STAFF_WITH_CRYSTALBALL1_MYSTIC_EARTH_STAFF
4062	HUMAN_USE_STAFF_WITH_CRYSTALBALL2_MYSTIC_EARTH_STAFF
4063	HUMAN_USE_STAFF_WITH_CRYSTALBALL1_MYSTIC_WATER_STAFF
4064	HUMAN_USE_STAFF_WITH_CRYSTALBALL2_MYSTIC_WATER_STAFF
4065	HUMAN_USE_STAFF_WITH_CRYSTALBALL1_MYSTIC_FIRE_STAFF
4066	HUMAN_USE_STAFF_WITH_CRYSTALBALL2_MYSTIC_FIRE_STAFF
4109	HUMAN_USE_WORKBENCH_STOOL_1
4110	HUMAN_USE_WORKBENCH_STOOL_2
4136	HUMAN_SIT_EAT_DIAG
4275	EMOTE_SLAP_HEAD
4276	EMOTE_LIGHTBULB
4277	EMOTE_LIGHTBULB_SPOTANIM
4278	EMOTE_STAMPFEET
4279	EMOTE_STAMPFEET_DUST_SPOTANIM
4280	EMOTE_PANIC_FLAP
4316	HUMAN_FAIRY2_KNEEL_AND_POUR
4329	HUMAN_DRINK_RED_RUM
4330	HUMAN_DRINK_BLUE_RUM
4424	HUMAN_MOONCLAN_READY
4425	HUMAN_MOONCLAN_TURNONSPOT
4426	HUMAN_MOONCLAN_WALK_F
4427	HUMAN_MOONCLAN_WALK_B
4428	HUMAN_MOONCLAN_WALK_L
4429	HUMAN_MOONCLAN_WALK_R
4430	HUMAN_MOONCLAN_RUN
4433	HUMAN_OGRE_FLETCHING
4435	HUMAN_CLIMBING_LOOP
4462	HUMAN_XBOW_ENCHANT_ARROWTIP
4481	HUMAN_MINING_INFERNAL_PICKAXE_WALL
4482	HUMAN_MINING_INFERNAL_PICKAXE
4483	HUMAN_MINING_INFERNAL_PICKAXE_NOREACHFORWARD
4503	HUMAN_INQUISITORS_MACE_CRUSH
4504	HUMAN_NIGHTMARE_STAFF_READY
4505	HUMAN_NIGHTMARE_STAFF_CRUSH
4506	HUMAN_TURN_IRON_WINCH
4646	HUMAN_APE_IDLE
4682	HUMAN_APE_WALK_F
4751	EMOTE_AIR_GUITAR
4905	HUMAN_ELEM2_CORKSCREW
4909	HUMAN_ELEM2_LEVER_3WAY_RIGHT
4911	HUMAN_ELEM2_LEVER_3WAY_LEFT
5108	HUMAN_HARPOON_BARBED
5160	HUMAN_FALCONER_READY
5161	HUMAN_FALCONER_TURNONSPOT
5162	HUMAN_FALCONER_ATTACK
5163	HUMAN_FALCONER_DEFEND
5164	HUMAN_FALCONER_WALK_F
5165	HUMAN_FALCONER_WALK_B
5166	HUMAN_FALCONER_WALK_L
5167	HUMAN_FALCONER_WALK_R
5168	HUMAN_FALCONER_RUN
5206	HUMAN_PRIORITY_STUMBLE_BACK
5207	HUMAN_HUNTING_DISMANTLE_NET
5208	HUMAN_LAYTRAP
5209	HUMAN_BUTTERFLYNET_SWING
5243	HUMAN_CRAFTING_SPIKEDVAMBRACES
5244	HUMAN_FLETCHING_HUNTINGBOLTS
5245	HUMAN_WALKFORWARD_SALAMANDER
5246	HUMAN_READY_SALAMANDER
5247	HUMAN_ATTACK_SALAMANDER
5248	HUMAN_WALKOTHER_SALAMANDER
5249	HUMAN_SALAMANDER_TAR_GRIND
5383	HUMAN_WOODCUTTING_BLESSED_AXE
5384	HUMAN_WOODCUTTING_BLESSED_AXE_MISS
5754	HUMAN_WOODCRAFTING_HAMMER
5756	HUMAN_WOODCRAFTING_KNIFE
5759	HUMAN_JUGGLING
5761	HUMAN_FRIS_SKIP
5762	HUMAN_FRIS_TALK
6108	HUMAN_MINING_BLACK_PICKAXE_NOREACHFORWARD
6268	HUMAN_APE_WALK_L
6275	HUMAN_APE_WALK_R
6276	HUMAN_APE_WALK_B
6277	HUMAN_APE_RUN
6278	HUMAN_APE_ATTACK
6279	HUMAN_APE_DEFEND
6295	HUMAN_AMETHYSTCUTTING
6297	HUMAN_READY_FAN
6361	HUMAN_WOODCRAFTING_AXE_RUNE
6362	HUMAN_WOODCRAFTING_AXE_ADAMANT
6363	HUMAN_WOODCRAFTING_AXE_MITHRIL
6364	HUMAN_WOODCRAFTING_AXE_BLACK
6365	HUMAN_WOODCRAFTING_AXE_STEEL
6366	HUMAN_WOODCRAFTING_AXE_IRON
6367	HUMAN_WOODCRAFTING_AXE_DRAGON
6575	HUMAN_SPELLCAST_ARCEUUS_TELEPORT
6746	HUMAN_MINING_RUNE_PICKAXE_NOREACHFORWARD
6747	HUMAN_MINING_BRONZE_PICKAXE_NOREACHFORWARD
6748	HUMAN_MINING_IRON_PICKAXE_NOREACHFORWARD
6749	HUMAN_MINING_STEEL_PICKAXE_NOREACHFORWARD
6750	HUMAN_MINING_ADAMANT_PICKAXE_NOREACHFORWARD
6751	HUMAN_MINING_MITHRIL_PICKAXE_NOREACHFORWARD
6752	HUMAN_MINING_RUNE_PICKAXE_WALL
6753	HUMAN_MINING_BRONZE_PICKAXE_WALL
6754	HUMAN_MINING_IRON_PICKAXE_WALL
6755	HUMAN_MINING_STEEL_PICKAXE_WALL
6756	HUMAN_MINING_ADAMANT_PICKAXE_WALL
6757	HUMAN_MINING_MITHRIL_PICKAXE_WALL
6758	HUMAN_MINING_DRAGON_PICKAXE_WALL
6838	HUMAN_KICKS_CHEST_OPEN
6842	HUMAN_WAKES_UP_GOBLIN
6932	HUMAN_FISHING_CASTING_PEARL_OILY
7049	HUMAN_POH_BUILD_DWH
7134	HUMAN_WALK_LOGBALANCE_LOOP
7139	HUMAN_MINING_DRAGON_PICKAXE
7140	HUMAN_MINING_DRAGON_PICKAXE_NOREACHFORWARD
7142	HUMAN_LEDGE_WALK_RIGHT_LOOPED
7185	HUMAN_ZENYTECUTTING
7203	HUMAN_FISH_ONSPOT_PEARL_OILY
7208	HUMAN_LEVITATE
7210	HUMAN_KNOCKDOWN
7211	HUMAN_KNOCKDOWN_LOOP
7212	HUMAN_ROCKFALL_MERGE
7245	HUMAN_BLOWN_END
7263	HUMAN_CANOEING_CARVE_3A_AXE
7264	HUMAN_WOODCUTTING_3A_AXE
7265	HUMAN_WOODCRAFTING_AXE_3A
7278	EMOTE_URI_BRIEFCASE
7279	EMOTE_URI_INVISIBLE
7282	HUMAN_MINING_3A_PICKAXE_WALL
7283	HUMAN_MINING_3A_PICKAXE
7284	HUMAN_MINING_3A_PICKAXE_NOREACHFORWARD
7319	HUMAN_HERBING_GRIND_NPC
7330	HUMAN_DEATH_REVERSE
7332	HUMAN_READY_SHEATHED
7386	HUMAN_SHIELD_CRAFTING_LEATHER
7387	HUMAN_SHIELD_CRAFTING_SNAKESKIN
7391	HUMAN_ROCKHAMMER_HIT
7392	HUMAN_ROCKPICK_HIT
7401	HUMAN_HARPOON_DRAGON
7402	HUMAN_HARPOON_INFERNAL
7507	HUMAN_DINHS_BULWARK_CRUSH
7508	HUMAN_DINHS_BULWARK_READY
7509	HUMAN_DINHS_BULWARK_RUN
7510	HUMAN_DINHS_BULWARK_WALK
7511	HUMAN_DINHS_BULWARK_BASH
7512	HUMAN_DINHS_BULWARK_BLOCK
7514	HUMAN_DRAGON_CLAWS_SPEC
7515	HUMAN_DRAGON_SWORD_SPEC
7516	HUMAN_ELDER_MAUL_ATTACK
7517	HUMAN_ELDER_MAUL_BLOCK
7518	HUMAN_ELDER_MAUL_READY
7519	HUMAN_ELDER_MAUL_RUN
7520	HUMAN_ELDER_MAUL_WALK
7521	HUMAN_DRAGON_TAXE_SPEC
7526	HUMAN_STAFFREADY_STATUE
7529	HUMAN_MAKE_WINE
7531	HUMAN_BATTLESTAFF_CRAFTING
7617	HUMAN_STAKE2_PVN
7618	HUMAN_CHINCHOMPA_ATTACK_PVN
7629	HUMAN_WALK_F_FAN
7630	HUMAN_WALK_B_FAN
7631	HUMAN_WALK_L_FAN
7632	HUMAN_WALK_R_FAN
7633	HUMAN_RUNNING_FAN
7701	HUMAN_INHALE_PUFFERFISH
7702	HUMAN_SWIM_CAVEWALL
7703	HUMAN_SWIM_FAST
7704	HUMAN_SWIM_SHIPWALL
7705	HUMAN_SWIM_HOLE_ENTER
7706	HUMAN_SWIM_HOLE_LEAVE
7707	HUMAN_SWIM_STEAL
7708	HUMAN_SWIM_STEAL_FAIL
7709	HUMAN_SWIM_STEAL_SUCCESS
7710	HUMAN_SWIM_STEAL_FAIL_END
7738	HUMAN_FLING_WATER
7739	HUMAN_FAIL_PUFFERFISH
7741	HUMAN_FOSSIL_VOLCANO_TELEPORT
7745	HUMAN_FOSSIL_DRINK_STUMP
7746	HUMAN_FOSSIL_SLEEP_STOOL
7747	HUMAN_FOSSIL_VOLCANO_LAND
7754	HUMAN_CASTING_TELE_BLOCK_STAFF_PRIORITY
7825	HUMAN_USE_WOM_TELECOPE_START
7826	HUMAN_USE_WOM_TELECOPE_MIDDLE
7827	HUMAN_USE_WOM_TELECOPE_END
7831	HUMAN_SHIELD_CRAFTING_GREEN_DHIDE
7832	HUMAN_SHIELD_CRAFTING_BLUE_DHIDE
7833	HUMAN_SHIELD_CRAFTING_RED_DHIDE
7834	HUMAN_SHIELD_CRAFTING_BLACK_DHIDE
7855	HUMAN_CAST_SURGE
7934	HUMAN_BOBRUN
7994	HUMAN_THROW_EGG_SARA
7995	HUMAN_THROW_EGG_GUTHIX
7996	HUMAN_THROW_EGG_ZAM
8050	HUMAN_READY_LOOP
8149	HUMAN_DRINK_FROM_VIAL_CADAVA_SPOTANIM
8181	HUMAN_SWIM_GET_IN
8182	HUMAN_SWIM_GET_OUT
8184	HUMAN_SPEAR_WALL_SPEC
8188	HUMAN_FISHING_CASTING_PEARL
8189	HUMAN_FISHING_CASTING_PEARL_FLY
8190	HUMAN_FISHING_CASTING_PEARL_BRUT
8191	HUMAN_FISH_ONSPOT_PEARL
8192	HUMAN_FISH_ONSPOT_PEARL_FLY
8193	HUMAN_FISH_ONSPOT_PEARL_BRUT
8194	HUMAN_DRAGON_KNIFE
8195	HUMAN_DRAGON_KNIFE_P
8288	HUMAN_DHUNTER_LANCE_ATTACK
8289	HUMAN_DHUNTER_LANCE_SLASH
8290	HUMAN_DHUNTER_LANCE_CRUSH
8291	HUMAN_DRAGON_TKNIVES_SPEC
8292	HUMAN_DRAGON_TKNIVES_SPEC_POISON
8302	HUMAN_CANOEING_CARVE_GILDED_AXE
8303	HUMAN_WOODCUTTING_GILDED_AXE
8304	HUMAN_WOODCRAFTING_AXE_GILDED
8312	HUMAN_MINING_GILDED_PICKAXE_WALL
8313	HUMAN_MINING_GILDED_PICKAXE
8314	HUMAN_MINING_GILDED_PICKAXE_NOREACHFORWARD
8321	HUMAN_SUN_PRAYER
8323	HUMAN_CANOEING_CARVE_CRYSTAL_AXE
8324	HUMAN_WOODCUTTING_CRYSTAL_AXE
8325	HUMAN_WOODCUTTING_GAUNTLET_AXE_HM
8326	HUMAN_WOODCRAFTING_AXE_CRYSTAL
8328	HUMAN_GETUP_PRIORITY_10
8336	HUMAN_HARPOON_CRYSTAL
8337	HUMAN_HARPOON_GAUNTLET_HM
8344	HUMAN_MINING_ZALCANO_PICKAXE_WALL
8345	HUMAN_MINING_CRYSTAL_PICKAXE_WALL
8346	HUMAN_MINING_ZALCANO_PICKAXE
8347	HUMAN_MINING_CRYSTAL_PICKAXE
8348	HUMAN_MINING_GAUNTLET_PICKAXE_HM
8349	HUMAN_MINING_ZALCANO_PICKAXE_NOREACHFORWARD
8350	HUMAN_MINING_CRYSTAL_PICKAXE_NOREACHFORWARD
8351	HUMAN_MINING_ZALCANO_BRONZE_PICKAXE
8352	HUMAN_MINING_ZALCANO_IRON_PICKAXE
8353	HUMAN_MINING_ZALCANO_BLACK_PICKAXE
8354	HUMAN_MINING_ZALCANO_STEEL_PICKAXE
8355	HUMAN_MINING_ZALCANO_MITHRIL_PICKAXE
8356	HUMAN_MINING_ZALCANO_ADAMANT_PICKAXE
8357	HUMAN_MINING_ZALCANO_RUNE_PICKAXE
8358	HUMAN_MINING_ZALCANO_GILDED_PICKAXE
8359	HUMAN_MINING_ZALCANO_DRAGON_PICKAXE
8360	HUMAN_MINING_ZALCANO_DRAGON_PICKAXE_PRETTY
8361	HUMAN_MINING_ZALCANO_ZALCANO_PICKAXE
8362	HUMAN_MINING_ZALCANO_INFERNAL_PICKAXE
8363	HUMAN_MINING_ZALCANO_3A_PICKAXE
8364	HUMAN_MINING_ZALCANO_CRYSTAL_PICKAXE
8462	HUMAN_WALK_B_LONG
8463	HUMAN_FLETCHING_ADD_BOLT_FEATHERS_BRONZE
8464	HUMAN_FLETCHING_ADD_BOLT_FEATHERS_IRON
8465	HUMAN_FLETCHING_ADD_BOLT_FEATHERS_SILVER
8466	HUMAN_FLETCHING_ADD_BOLT_FEATHERS_BLURITE
8467	HUMAN_FLETCHING_ADD_BOLT_FEATHERS_STEEL
8468	HUMAN_FLETCHING_ADD_BOLT_FEATHERS_MITHRIL
8469	HUMAN_FLETCHING_ADD_BOLT_FEATHERS_ADAMANT
8470	HUMAN_FLETCHING_ADD_BOLT_FEATHERS_RUNE
8471	HUMAN_FLETCHING_ADD_BOLT_FEATHERS_DRAGON
8472	HUMAN_FLETCHING_ADD_BOLT_TIPS_BRONZE
8473	HUMAN_FLETCHING_ADD_BOLT_TIPS_IRON
8474	HUMAN_FLETCHING_ADD_BOLT_TIPS_BLURITE
8475	HUMAN_FLETCHING_ADD_BOLT_TIPS_STEEL
8476	HUMAN_FLETCHING_ADD_BOLT_TIPS_MITHRIL
8477	HUMAN_FLETCHING_ADD_BOLT_TIPS_ADAMANT
8478	HUMAN_FLETCHING_ADD_BOLT_TIPS_RUNE
8479	HUMAN_FLETCHING_ADD_BOLT_TIPS_DRAGON
8480	HUMAN_FLETCHING_ADD_ARROW_TIPS
8481	HUMAN_FLETCHING_ADD_FEATHER
8482	HUMAN_FLETCHING_ADD_DART_FEATHERS_BRONZE
8483	HUMAN_FLETCHING_ADD_DART_FEATHERS_IRON
8484	HUMAN_FLETCHING_ADD_DART_FEATHERS_STEEL
8485	HUMAN_FLETCHING_ADD_DART_FEATHERS_MITHRIL
8486	HUMAN_FLETCHING_ADD_DART_FEATHERS_ADAMANT
8487	HUMAN_FLETCHING_ADD_DART_FEATHERS_RUNE
8488	HUMAN_FLETCHING_ADD_DART_FEATHERS_DRAGON
8491	HUMAN_USE_LECTERN
8503	HUMAN_JORMUNGAND_STUN
8504	HUMAN_JORMUNGAND_STUNNED_01
8505	HUMAN_JORMUNGAND_STUNNED_02
8506	HUMAN_JORMUNGAND_STUNNED_03
8507	HUMAN_JORMUNGAND_FREED
8508	HUMAN_JORMUNGAND_FREED_SPOTANIM
8524	HUMAN_RELIC_UNLOCK
8541	EMOTE_EXPLORE
8549	HUMAN_BIPED_TEMPLATE_1X1
8550	HUMAN_BIPED_TEMPLATE_2X2
8583	HUMAN_NIGHTMARE_WAKE
8584	HUMAN_NIGHTMARE_SLEEP
8638	HUMAN_SWORD_SLASH_WITHDAGGER
8640	HUMAN_CARROT_SWORD_ATTACK
8642	HUMAN_CARROT_SWORD_READY
8777	HUMAN_CANOEING_CARVE_LEAGUE_TRAILBLAZER_AXE
8778	HUMAN_OPENHEAVYCHEST
8779	HUMAN_WOODCRAFTING_AXE_LEAGUE_TRAILBLAZER
8783	HUMAN_HARPOON_TRAILBLAZER
8784	HUMAN_HARPOON_LEAGUE_TRAILBLAZER
8786	HUMAN_MINING_LEAGUE_TRAILBLAZER_PICKAXE_WALL
8787	HUMAN_MINING_LEAGUE_TRAILBLAZER_PICKAXE
8788	HUMAN_MINING_LEAGUE_TRAILBLAZER_PICKAXE_NOREACHFORWARD
8789	HUMAN_MINING_ZALCANO_LEAGUE_TRAILBLAZER_PICKAXE
8833	HUMAN_CUTTING
8837	HUMAN_POUR_POT
8838	HUMAN_SCULPT_CLAY
8839	HUMAN_CLAY_STITCHING
8852	HUMAN_LOCKEDCHEST_MOVING
8886	HUMAN_MINING_TRAILBLAZER_PICKAXE_NO_INFERNAL_WALL
8887	HUMAN_MINING_TRAILBLAZER_PICKAXE_NO_INFERNAL
8888	HUMAN_MINING_TRAILBLAZER_PICKAXE_NO_INFERNAL_NOREACHFORWARD
8889	HUMAN_MINING_ZALCANO_TRAILBLAZER_PICKAXE_NO_INFERNAL
8894	HUMAN_SMITHING_NOREPLACE
8911	HUMAN_SMITHING_IMCANDO_HAMMER
8912	HUMAN_POH_BUILD_IMCANDO_HAMMER
8913	HUMAN_POH_BUILD_FLOOR_IMCANDO_HAMMER
8914	HUMAN_POH_BUILD_WALL_IMCANDO_HAMMER
8915	HUMAN_HAMMER_HIT_IMCANDO_HAMMER
8917	EMOTE_FLEX
8926	HUMAN_WOODCRAFTING_IMCANDO_HAMMER
8954	HUMAN_TRAWLER_HACK_AXE_BRONZE
8955	HUMAN_TRAWLER_HACK_AXE_IRON
8956	HUMAN_TRAWLER_HACK_AXE_STEEL
8957	HUMAN_TRAWLER_HACK_AXE_BLACK
8958	HUMAN_TRAWLER_HACK_AXE_MITHRIL
8959	HUMAN_TRAWLER_HACK_AXE_ADAMANT
8960	HUMAN_TRAWLER_HACK_AXE_RUNE
8961	HUMAN_TRAWLER_HACK_AXE_GILDED
8962	HUMAN_TRAWLER_HACK_AXE_DRAGON
8963	HUMAN_TRAWLER_HACK_AXE_INFERNAL
8964	HUMAN_TRAWLER_HACK_AXE_3A
8965	HUMAN_TRAWLER_HACK_AXE_CRYSTAL
8966	HUMAN_TRAWLER_HACK_AXE_LEAGUE_TRAILBLAZER
8967	HUMAN_TRAWLER_HACK_AXE_TRAILBLAZER_NO_INFERNAL
8970	HUMAN_CAST_SELFIMBUE
8972	HUMAN_SPELLCAST_GRASP
8973	HUMAN_SPELLCAST_RESURRECT
8974	HUMAN_CAST_VICIOUS_STRIKE
8975	HUMAN_CAST_OFFERING
8976	HUMAN_PREPARE_OFFERING
8977	HUMAN_SPELLCAST_DEMONBANE
8978	HUMAN_CAST_VILEVIGOUR
8979	HUMAN_SPELLCAST_SHADOWVEIL
8980	HUMAN_SPELLCAST_DEGRIME
8981	HUMAN_PREPARE_DEGRIME
9008	HUMAN_SITTINGDOWN_READY_GZ
9009	HUMAN_SITTINGDOWN_SCRATCH_GZ
9010	HUMAN_SITTINGDOWN_THINK_GZ
9011	HUMAN_SITTINGDOWN_MOVE_GZ
9012	HUMAN_SITTINGDOWN_READY_GZ_BLUE
9013	HUMAN_SITTINGDOWN_SCRATCH_GZ_BLUE
9014	HUMAN_SITTINGDOWN_THINK_GZ_BLUE
9015	HUMAN_SITTINGDOWN_MOVE_GZ_BLUE
9050	HUMAN_ZYANYI_IDLE
9051	HUMAN_ZYANYI_WALK
9052	HUMAN_ZYANYI_WALK_L
9053	HUMAN_ZYANYI_WALK_R
9054	HUMAN_ZYANYI_WALK_B
9055	HUMAN_ZYANYI_TURN
9056	HUMAN_UNCONSCIOUS_LOOP
9057	HUMAN_UNCONSCIOUS_TRANSITION
9101	HUMAN_DEATH_LOOP
9108	HUMAN_FLETCHING_ADD_DART_FEATHERS_AMETHYST
9144	HUMAN_CASTSTRIKE_WALKMERGE
9145	HUMAN_CAST_SURGE_WALKMERGE
9158	HUMAN_SPELLCAST_DMM
9159	HUMAN_GUARDIAN_DMM
9160	HUMAN_TROPHY_LEAGUE03_BLOCK
9161	HUMAN_XBOWS_LEAGUE03_IDLE
9164	HUMAN_XBOWS_LEAGUE03_WALK_F
9165	HUMAN_XBOWS_LEAGUE03_WALK_B
9204	HUMAN_XBOWS_LEAGUE03_RUN
9205	HUMAN_XBOWS_LEAGUE03_ATTACK
9206	HUMAN_XBOWS_LEAGUE03_ATTACK_PVN
9261	HUMAN_TROPHY_LEAGUE03_RUN
9262	HUMAN_TROPHY_LEAGUE03_ATTACK
9263	HUMAN_BANNER_LEAGUE03_IDLE
9264	HUMAN_BANNER_LEAGUE03_WALK_F
9265	HUMAN_BANNER_LEAGUE03_WALK_B
9266	HUMAN_BANNER_LEAGUE03_WALK_L
9267	HUMAN_BANNER_LEAGUE03_WALK_R
9268	HUMAN_BANNER_LEAGUE03_TURN
9269	HUMAN_BANNER_LEAGUE03_RUN
9270	HUMAN_BANNER_LEAGUE03_ATTACK
9271	HUMAN_BANNER_LEAGUE03_BLOCK
9272	HUMAN_TROPHY_LEAGUE03_IDLE
9273	HUMAN_TROPHY_LEAGUE03_WALK
9274	HUMAN_RELIC_UNLOCK_FEMALE
9341	HUMAN_SKI_IDLE
9342	HUMAN_SKI_WALK
9343	HUMAN_SKI_WALK_LEFT
9344	HUMAN_SKI_WALK_RIGHT
9345	HUMAN_SKI_WALK_BACKWARDS
9346	HUMAN_SKI_RUN
9347	HUMAN_SKI_ATTACK
9348	HUMAN_SKI_DEFEND
9349	HUMAN_FISHING_CASTING_BRUT
9350	HUMAN_FISHING_ONSPOT_BRUT
9351	HUMAN_POH_BUILD_DWH_ORNAMENT
9361	HUMAN_RUNECRAFT_WALKMERGE
9401	HUMAN_PICKUPTABLE_WALKMERGE
9402	HUMAN_LEVERDOWN_WALKMERGE
9406	HUMAN_CRATE_SQUAT
9413	HUMAN_CRATE_SURVEY
9415	HUMAN_PREPARE_OFFERING_LOOP
9423	HUMAN_WALK_APPEAR
9424	HUMAN_WALK_APPEAR_SLOW
9425	HUMAN_WALK_APPEAR_LONG
9433	HUMAN_UNCONSCIOUS_TRANSITION_BARELY_CONSCIOUS
9434	HUMAN_UNCONSCIOUS_TRANSITION_BARELY_CONSCIOUS_LOOP
9435	HUMAN_BARELY_CONSCIOUS
9438	HUMAN_DEAD_LOOP
9451	HUMAN_PREFORM_LIFT
9452	HUMAN_PREFORM_LIFT_START
9453	HUMAN_PREFORM_LIFT_START02
9454	HUMAN_PREFORM_LIFT_LOOP
9455	HUMAN_PREFORM_LIFT_LOOP02
9456	HUMAN_PREFORM_LIFT_END
9458	HUMAN_PUSH_PRIORITY
9459	HUMAN_WEAPON_GIANT01_RUN
9460	HUMAN_WEAPON_GIANT01_READY
9461	HUMAN_WEAPON_GIANT01_WALK
9471	HUMAN_OSMUMTENS_FANG
9473	HUMAN_MINING_HET_BRONZE_PICKAXE
9474	HUMAN_MINING_HET_IRON_PICKAXE
9475	HUMAN_MINING_HET_BLACK_PICKAXE
9476	HUMAN_MINING_HET_STEEL_PICKAXE
9477	HUMAN_MINING_HET_MITHRIL_PICKAXE
9478	HUMAN_MINING_HET_ADAMANT_PICKAXE
9479	HUMAN_MINING_HET_RUNE_PICKAXE
9480	HUMAN_MINING_HET_GILDED_PICKAXE
9481	HUMAN_MINING_HET_DRAGON_PICKAXE
9482	HUMAN_MINING_HET_DRAGON_PICKAXE_PRETTY
9483	HUMAN_MINING_HET_ZALCANO_PICKAXE
9484	HUMAN_MINING_HET_INFERNAL_PICKAXE
9485	HUMAN_MINING_HET_3A_PICKAXE
9486	HUMAN_MINING_HET_CRYSTAL_PICKAXE
9487	HUMAN_MINING_HET_LEAGUE_TRAILBLAZER_PICKAXE
9488	HUMAN_MINING_HET_TRAILBLAZER_PICKAXE_NO_INFERNAL
9489	HUMAN_CRAFTING_ARMADYLEAN
9799	HUMAN_TROLL_FLYBACK_MERGE
9831	EMOTE_TRICK_OR_TREAT_0
9832	EMOTE_TRICK_OR_TREAT_1
9833	EMOTE_TRICK_OR_TREAT_2
9834	EMOTE_TRICK_OR_TREAT_3
9835	EMOTE_TRICK_OR_TREAT_4
9847	HUMAN_CARD_READY
9848	HUMAN_CARD_ATTACK01
9849	HUMAN_CARD_WALK01
9850	HUMAN_CARD_RUN01
9851	HUMAN_CARD_WALK01_L
9852	HUMAN_CARD_WALK01_R
9853	HUMAN_CARD_DEFEND
9857	HUMAN_WEAPON_BOW_VENATOR01_READY
9858	HUMAN_WEAPON_BOW_VENATOR01_SHOOT
9859	HUMAN_WEAPON_BOW_VENATOR01_WALK
9860	HUMAN_WEAPON_BOW_VENATOR01_RUN
9861	HUMAN_WEAPON_BOW_VENATOR01_STEPLEFT
9862	HUMAN_WEAPON_BOW_VENATOR01_STEPRIGHT
9863	HUMAN_WEAPON_BOW_VENATOR01_TURN
9959	HUMAN_OPENDOOR_WEAPON
9960	HUMAN_SMOKEPUFF_TELE_DISAPPEAR_QUICK
9961	HUMAN_SPECIAL_ACCURSED
9962	HUMAN_SPECIAL_URSINE
9963	HUMAN_SPECIAL02_URSINE
9964	HUMAN_SPECIAL01_WEBWEAVER
10031	EMOTE_PARTY
10043	HUMAN_CLIMBING_DOWN_LOOP
10044	HUMAN_ONFLOOR
10045	HUMAN_DIG_EASTER23_SPADE
10046	HUMAN_POH_BUILD_DWH_BH_CORRUPTED
10048	EMOTE_DANCE_LOOP
10049	EMOTE_DANCE_SCOTTISH_LOOP
10050	EMOTE_DANCE_HEADBANG_LOOP
10051	HUMAN_EMOTE_CRABDANCE
10052	HUMAN_EMOTE_CRABDANCE_LOOP
10053	EMOTE_SIT
10054	HUMAN_WEAPON_GIANT01_WALKR
10055	HUMAN_WEAPON_GIANT01_WALKL
10060	HUMAN_CUTE_READY
10061	EMOTE_SIT_LOOP
10062	EMOTE_MIME_LEAN_LOOP
10093	HUMAN_CASTING_TELE_BLOCK_STAFF_WALKMERGE
10095	HUMAN_PICKLOCK_CAGEDOOR_ALT
10096	HUMAN_XBOW_ENCHANT_ARROWTIP_WALKMERGE
10097	HUMAN_GRIND
10409	HUMAN_RUNNING_30
10410	HUMAN_RUNNING_60
10411	HUMAN_QUICK_SPRINT_30
10412	HUMAN_QUICK_SPRINT_60
10413	HUMAN_CASTCURSE_STAFF_WALKMERGE
10414	HUMAN_WALK_30
10503	EMOTE_TRICK
10517	HUMAN_CANOEING_CARVE_BRONZE_2H_AXE
10518	HUMAN_CANOEING_CARVE_IRON_2H_AXE
10519	HUMAN_CANOEING_CARVE_STEEL_2H_AXE
10520	HUMAN_CANOEING_CARVE_BLACK_2H_AXE
10521	HUMAN_CANOEING_CARVE_MITHRIL_2H_AXE
10522	HUMAN_CANOEING_CARVE_ADAMANT_2H_AXE
10523	HUMAN_CANOEING_CARVE_RUNE_2H_AXE
10524	HUMAN_CANOEING_CARVE_DRAGON_2H_AXE
10525	HUMAN_CANOEING_CARVE_CRYSTAL_2H_AXE
10526	HUMAN_CANOEING_CARVE_CRYSTAL_2H_AXE_INACTIVE
10527	HUMAN_CANOEING_CARVE_3A_2H_AXE
10534	HUMAN_PHEASANT_FEATHERS_CRAFTING
10551	HUMAN_DISARM_FLOOR_LOOP
10552	HUMAN_DISARM_FLOOR_LOOP_END
10575	HUMAN_WOODCRAFTING_BRONZE_2H_AXE
10576	HUMAN_WOODCRAFTING_IRON_2H_AXE
10577	HUMAN_WOODCRAFTING_STEEL_2H_AXE
10578	HUMAN_WOODCRAFTING_BLACK_2H_AXE
10579	HUMAN_WOODCRAFTING_MITHRIL_2H_AXE
10580	HUMAN_WOODCRAFTING_ADAMANT_2H_AXE
10581	HUMAN_WOODCRAFTING_RUNE_2H_AXE
10582	HUMAN_WOODCRAFTING_DRAGON_2H_AXE
10583	HUMAN_WOODCRAFTING_CRYSTAL_2H_AXE
10584	HUMAN_WOODCRAFTING_CRYSTAL_INACTIVE_2H_AXE
10585	HUMAN_WOODCRAFTING_3A_2H_AXE
10586	HUMAN_BRUT_CANOEING_CARVE_BRONZE_2H_AXE
10587	HUMAN_BRUT_CANOEING_CARVE_IRON_2H_AXE
10588	HUMAN_BRUT_CANOEING_CARVE_STEEL_2H_AXE
10589	HUMAN_BRUT_CANOEING_CARVE_BLACK_2H_AXE
10590	HUMAN_BRUT_CANOEING_CARVE_MITHRIL_2H_AXE
10591	HUMAN_BRUT_CANOEING_CARVE_ADAMANT_2H_AXE
10592	HUMAN_BRUT_CANOEING_CARVE_RUNE_2H_AXE
10593	HUMAN_BRUT_CANOEING_CARVE_DRAGON_2H_AXE
10594	HUMAN_BRUT_CANOEING_CARVE_CRYSTAL_2H_AXE
10595	HUMAN_BRUT_CANOEING_CARVE_CRYSTAL_2H_AXE_INACTIVE
10596	HUMAN_BRUT_CANOEING_CARVE_3A_2H_AXE
10597	HUMAN_2H_AXE_CHOPPING
10598	HUMAN_2H_AXE_READY
10599	HUMAN_2H_AXE_WALK
10600	HUMAN_2H_AXE_RUN
10601	HUMAN_2H_AXE_SPECIAL
10602	HUMAN_2H_AXE_ATTACK
10603	HUMAN_2H_AXE_DEFEND
10607	HUMAN_TRAWLER_HACK_BRONZE_2H_AXE
10608	HUMAN_TRAWLER_HACK_IRON_2H_AXE
10609	HUMAN_TRAWLER_HACK_STEEL_2H_AXE
10610	HUMAN_TRAWLER_HACK_BLACK_2H_AXE
10611	HUMAN_TRAWLER_HACK_MITHRIL_2H_AXE
10612	HUMAN_TRAWLER_HACK_ADAMANT_2H_AXE
10613	HUMAN_TRAWLER_HACK_RUNE_2H_AXE
10614	HUMAN_TRAWLER_HACK_DRAGON_2H_AXE
10615	HUMAN_TRAWLER_HACK_CRYSTAL_2H_AXE
10616	HUMAN_TRAWLER_HACK_CRYSTAL_INACTIVE_2H_AXE
10617	HUMAN_TRAWLER_HACK_3A_2H_AXE
10623	HUMAN_CASTLOWLVLALCHEMY_FIRE
10624	HUMAN_CASTHIGHLVLALCHEMY_FIRE
10655	HUMAN_SPELLCAST_DMM_NOHELD
10678	EMOTE_YAWN_SHORT
10794	HUMAN_CRAFTING
10795	HUMAN_COOKING_WALKMERGE_NORESTART
10796	EMOTE_VARLAMORE_SALUTE
10797	EMOTE_VARLAMORE_SALUTE_LOOP
10872	HUMAN_SHIELD_COMBATANT_IDLE
10873	HUMAN_DOOM_SCORPION_01_PLAYER_DEATH_01
10914	HUMAN_GLAIVE_RALOS01_CHARGED_SPECIAL
10916	HUMAN_GLAIVE_RALOS01_UNCHARGED_SPECIAL
10922	HUMAN_GLAIVE_RALOS01_UNCHARGED_THROW
10923	HUMAN_GLAIVE_RALOS01_CHARGED_THROW
10937	HUMAN_CUTTING_KNIFE
10938	HUMAN_ENCHANTTALISMAN
10939	HUMAN_QUETZAL_TAME
10944	HUMAN_QUETZAL_WHISTLE
11042	HUMAN_LARGENET_LOOPING
11057	HUMAN_ATLATL_ATTACK_RANGED_01
11060	HUMAN_SPECIAL_ATLATL_01
11085	HUMAN_STAKE3
11087	HUMAN_GETOUTBED_DELAYED
11088	HUMAN_GETOUTBED_LEFT_DELAYED
11089	HUMAN_WALK_F_QUICK
11090	HUMAN_WALK_B_QUICK
11091	HUMAN_PICKUPTABLE_WALKMERGE_NOHELD
11092	HUMAN_READY_ALT
11094	HUMAN_HERBING_VIAL_RESTART
11095	HUMAN_HERBING_GRIND_RESTART
11096	HUMAN_FLETCHING_HUNTINGBOLTS_SINGLE
11097	HUMAN_FLETCHING_HUNTINGBOLTS_CHISEL
11098	HUMAN_FLETCHING_HUNTINGBOLTS_CHISEL_SINGLE
11099	HUMAN_CUTTING_RESTART
11100	HUMAN_FLETCHING_SINGLE
11102	HUMAN_PRAY_BLESSED_BONE_SHARDS_01
11103	HUMAN_PUSHUP_01
11118	HUMAN_SPELLSPEAR_RUN
11119	HUMAN_SPELLSPEAR_STAB
11120	HUMAN_SPELLSPEAR_READY
11122	HUMAN_QUETZAL_HEADPAT
11124	HUMAN_ELDER_MAUL_SPEC
11127	HUMAN_POH_BUILD_ELDER_MAUL
11128	HUMAN_POH_BUILD_ELDER_MAUL_ORNAMENT
11131	HUMAN_SITTING_TRANSITION_STANDING
11133	HUMAN_WEAPON_BOW_SCORCHED_01_SPEC
11138	HUMAN_WEAPON_EMBERLIGHT_01_SPEC
11140	HUMAN_WEAPON_BURNING_CLAWS_02_SPEC
11142	HUMAN_CRAFTING_BONE_CLAWS
11240	HUMAN_SPECIAL_VOIDWAKER
11275	HUMAN_SPECIAL02_VOIDWAKER
11285	HUMAN_FALL_LOOP
11286	HUMAN_GETUP_FROM_SLIP
11419	HUMAN_DEATH_IDLE
11420	HUMAN_STAMP_DELAYANIM
11423	HUMAN_CASTSTRIKE_STAFF_WALKMERGE
11424	HUMAN_CASTCONFUSE_WALKMERGE
11425	HUMAN_CASTCONFUSE_STAFF_WALKMERGE
11426	HUMAN_CASTWEAKEN_WALKMERGE
11427	HUMAN_CASTWEAKEN_STAFF_WALKMERGE
11428	HUMAN_CASTCURSE_WALKMERGE
11429	HUMAN_CASTWAVE_WALKMERGE
11430	HUMAN_CASTWAVE_STAFF_WALKMERGE
11431	HUMAN_CAST_SURGE_FAST
11432	HUMAN_BONE_SACRIFICE_DELAYANIM
11440	HUMAN_BONE_SACRIFICE_WALKMERGE
11441	HUMAN_FALL_AND_GET_UP
11444	HUMAN_DEADMAN_ARMAGEDDON_REWARD_TELEPORT_01
11511	HUMAN_ARANEA_BOOTS_WADE
11512	HUMAN_CRAFT_RANCOR
11513	HUMAN_HALBERD_VIRULENCE_01
11514	HUMAN_HALBERD_VIRULENCE_02
11515	HUMAN_HALBERD_VIRULENCE_03
11517	HUMAN_HALBERD_VIRULENCE_04
11518	HUMAN_CRAFT_RANCOR_02
11522	HUMAN_CRAFT_RANCOR_START
11523	HUMAN_CRAFT_RANCOR_END
11524	HUMAN_FLETCHING_NOXIOUS_HALBERD
11526	EMOTE_BOW_WALKMERGE
11572	HUMAN_BUTLER_IDLE_FEMALE_01
11573	HUMAN_BUTLER_IDLE_MALE_01
11574	HUMAN_BUTLER_WALK_FEMALE_01
11575	HUMAN_BUTLER_WALK_MALE_01
11576	HUMAN_LEAD_ACTOR_DEAD_01
11577	HUMAN_BUTLER_RUN_MALE_01
11578	HUMAN_BUTLER_RUN_FEMALE_01
11580	HUMAN_LONGCRAWL_PRIORITY
11589	HUMAN_KNOCKDOWN_LOOP_NODELAY
11591	HUMAN_WINE_JUG_POUR
11593	HUMAN_WALK_B_2LOOPS
11600	HUMAN_ALDARIN_WORKER_02_WALK
11601	HUMAN_ALDARIN_WORKER_02_IDLE
11602	HUMAN_ALDARIN_WORKER_02_WOBBLEWALK
11604	HUMAN_ALCHEMY01_MILL01_INTERACT01
11605	HUMAN_ALCHEMY01_HOPPER01_INTERACT01
11619	HUMAN_ALCHEMY01_LEVER01_INTERACT01
11634	HUMAN_MACHINERY_ALCHEMY01_AGITATOR01_INTERACT01
11639	HUMAN_MACHINERY_ALCHEMY01_ALEMBIC01_INTERACT01
11644	HUMAN_MACHINERY_ALCHEMY01_RETORT01_INTERACT01
11646	HUMAN_GRAPE_STOMP
11735	HUMAN_COOKING_LOOP
11736	HUMAN_UNARMEDPUNCH_QUICK
11737	HUMAN_UNARMEDKICK_QUICK
11738	HUMAN_UNARMED_DEF_LONG
11745	HUMAN_FISHING_CASTING_NPC
11760	HUMAN_THROW_PUMPKIN_BEIGE
11761	HUMAN_THROW_END
11762	HUMAN_THROW_PUMPKIN_WHITE
11763	HUMAN_THROW_PUMPKIN_YELLOW
11764	HUMAN_THROW_PUMPKIN_ORANGE
11765	HUMAN_THROW_PUMPKIN_RED
11766	HUMAN_THROW_PUMPKIN_DARKGREEN
11767	HUMAN_THROW_PUMPKIN_POWDERGREY
11805	HUMAN_MONKEYBARS_WALK_LONG
11806	HUMAN_KILLERWATT_ELECTRICSHOCK_LONG
11807	HUMAN_KILLERWATT_ELECTRICSHOCK_MERGE
11808	HUMAN_KILLERWATT_ELECTRICSHOCK_LONG_MERGE
11812	HUMAN_SPECIAL_KHOPESH
11815	HUMAN_WOODCRAFTING_AXE_TRAILBLAZER
11816	HUMAN_WOODCRAFTING_AXE_TRAILBLAZER_RELOADED
11817	HUMAN_WOODCRAFTING_AXE_TRAILBLAZER_RELOADED_NO_INFERNAL
11825	HUMAN_MINING_TRAILBLAZER_PICKAXE_WALL
11826	HUMAN_MINING_TRAILBLAZER_RELOADED_PICKAXE_WALL
11827	HUMAN_MINING_TRAILBLAZER_RELOADED_PICKAXE_NO_INFERNAL_WALL
11831	HUMAN_MINING_TRAILBLAZER_PICKAXE
11832	HUMAN_MINING_TRAILBLAZER_RELOADED_PICKAXE
11833	HUMAN_MINING_TRAILBLAZER_RELOADED_PICKAXE_NO_INFERNAL
11834	HUMAN_MINING_HET_TRAILBLAZER_PICKAXE
11835	HUMAN_MINING_HET_TRAILBLAZER_RELOADED_PICKAXE
11836	HUMAN_MINING_HET_TRAILBLAZER_RELOADED_PICKAXE_NO_INFERNAL
11837	HUMAN_MINING_TRAILBLAZER_PICKAXE_NOREACHFORWARD
11838	HUMAN_MINING_TRAILBLAZER_RELOADED_PICKAXE_NOREACHFORWARD
11839	HUMAN_MINING_TRAILBLAZER_RELOADED_PICKAXE_NO_INFERNAL_NOREACHFORWARD
11840	HUMAN_MINING_ZALCANO_TRAILBLAZER_PICKAXE
11841	HUMAN_MINING_ZALCANO_TRAILBLAZER_RELOADED_PICKAXE
11842	HUMAN_MINING_ZALCANO_TRAILBLAZER_RELOADED_PICKAXE_NO_INFERNAL
11867	HUMAN_HARPOON_TRAILBLAZER_RELOADED
11868	HUMAN_HARPOON_TRAILBLAZER_RELOADED_NO_INFERNAL
11871	HUMAN_TRAWLER_HACK_AXE_TRAILBLAZER
11872	HUMAN_TRAWLER_HACK_AXE_TRAILBLAZER_RELOADED
11873	HUMAN_TRAWLER_HACK_AXE_TRAILBLAZER_RELOADED_NO_INFERNAL
11906	HUMAN_CASE01_OPEN
11907	HUMAN_CASE01_IDLE
11908	HUMAN_CASE01_IDLE_KINGDOM01
11909	HUMAN_CASE01_CLOSE
11939	HUMAN_WOODCUTTING_TRAILBLAZER_RELOADED_AXE
11940	HUMAN_WOODCUTTING_TRAILBLAZER_RELOADED_AXE_NO_INFERNAL
11942	HUMAN_WEAPON_STAFF_BOOK01_READY
11943	HUMAN_WEAPON_STAFF_BOOK01_WALK
11944	HUMAN_WEAPON_STAFF_BOOK01_RUN
12016	HUMAN_TELEPORT_GIANTSOUL_AMULET_01
12019	HUMAN_MALE_PRAYER_SCROLL_READ_01_DEADEYE
12020	HUMAN_MALE_PRAYER_SCROLL_READ_01_MYSTIC_VIGOUR
12022	HUMAN_FEMALE_PRAYER_SCROLL_READ_02_DEADEYE
12023	HUMAN_FEMALE_PRAYER_SCROLL_READ_02_MYSTIC_VIGOUR
12025	HUMAN_WOODCUTTING_LEAGUE_AXE
12026	HUMAN_WOODCUTTING_TRAILBLAZER_AXE
12050	EMOTE_PANIC_LOOP
12051	EMOTE_JUMP_WITH_JOY_LOOP
12052	EMOTE_YA_BOO_SUCKS_LOOP
12053	EMOTE_YAWN_LOOP
12054	EMOTE_YAWN_SHORT_LOOP
12055	EMOTE_FREMMENIK_SALUTE_LOOP
12056	EMOTE_SHRUG_LOOP
12058	EMOTE_RUN_ON_SPOT_LOOP
12059	EMOTE_STARJUMP_5_LOOP
12060	EMOTE_PUSHUPS_5_LOOP
12061	EMOTE_SITUPS_5_LOOP
12063	EMOTE_EXPLORE_LOOP
12064	EMOTE_FLEX_LOOP
12065	EMOTE_PARTY_LOOP
12066	EMOTE_GLASS_WALL_LOOP
12067	EMOTE_CLIMBING_ROPE_LOOP
12068	EMOTE_GLASS_BOX_LOOP
12071	EMOTE_SLAP_HEAD_LOOP
12072	EMOTE_LIGHTBULB_LOOP
12073	EMOTE_PANIC_FLAP_LOOP
12074	HUMAN_CAVE_GOBLIN_DANCE_LOOP
12080	EMOTE_STAMPFEET_LOOP
12081	EMOTE_STAMPFEET_DUST_SPOTANIM_LOOP
12082	HUMAN_CAVE_GOBLIN_BOW_LOOP
12085	EMOTE_DANCE_SPIN_LOOP
12091	HUMAN_CLIMB_TRELLIS
12149	HUMAN_YAMA_PORTALFALL
12152	HUMAN_YAMA_PORTAL_FALL_ON_FACE
12195	HUMAN_WIPE_HEAD_1
12196	HUMAN_YAMA_SHORTJUMP01
12197	HUMAN_HAMMER_HEFT
12198	HUMAN_HAMMER_HIT_LOOP
12199	HUMAN_HAMMER_FLIP
12200	HUMAN_SMITHING_ENTER
12201	HUMAN_SMITHING_IDLE
12203	HUMAN_FURNACE_NOSTALL
12206	HUMAN_LEAD_ACTOR_DEAD_01_LOOP
12212	HUMAN_TROLL_FLYBACK_WITHSOUND
12213	HUMAN_TROLL_FLYBACK_ABORT
12214	HUMAN_FADE_OUT
12215	HUMAN_FADE_OUT_30
12216	HUMAN_FADE_IN
12217	HUMAN_FADE_IN_30
12218	HUMAN_INVISIBLE
12329	HUMAN_FLETCHING_SINGLE_ROCK_SHARD
12330	HUMAN_FLETCHING_NO_ITEMS
12331	HUMAN_SWORD_DEF_LEATHER_HIT_3
12332	HUMAN_SWORD_SLASH_WITHSOUND
12333	HUMAN_BLUNT_POUND_WITHSOUND
12334	HUMAN_STAFF_BLOCK_LEATHER_HIT_3
12335	HUMAN_UNARMEDBLOCK_LEATHER_HIT_3
12336	HUMAN_SPEAR_SPIKE_WITHSOUND
12337	HUMAN_SPEAR_BLOCK_LEATHER_HIT_3
12338	HUMAN_CLIMBING_MERGE
12339	HUMAN_STRAIGHTEN_UP
12394	HUMAN_EYE_OF_AYAK_SPECIAL
12397	HUMAN_EYE_OF_AYAK_NORMAL
12403	HUMAN_CRAFT_CONFLICTION
12514	EMOTE_SIT_TO_STAND
12525	HUMAN_WALK_60
12526	HUMAN_EAT_WITHSOUND
12527	HUMAN_STAMP_MERGE
12609	HUMAN_SHOULDER_PARROT_UNARMED_IDLE
13077	HUMAN_SKILLCAPE_SAILING
13078	HUMAN_PICKUPFLOOR_AND_WAVE
13079	HUMAN_PLAY_WITH_PET_FISH_MAYOR
13080	HUMAN_FEED_PET_FISH_MAYOR
13081	HUMAN_TALK_TO_PET_FISH_MAYOR
13136	HUMAN_CUT_FOOD
13137	HUMAN_CUT_FOOD_QUICK
13138	HUMAN_SPINNINGWHEEL_90
13139	HUMAN_SPINNINGWHEEL_60
13150	HUMAN_FLETCHING_HUNTINGBOLTS_CHISEL_SINGLE_QUICK
13252	HUMAN_REPAIRKIT
13297	HUMAN_SAILING_SAIL01_SMALL01_LUFFING01_RESET01
13298	HUMAN_SAILING_SAIL01_LARGE01_LUFFING01_RESET01
13299	HUMAN_SAILING_ALPHA_HELM_RAFT01_TRIM_SAILS03
13301	HUMAN_SAILING_CHARTING_TELESCOPE01
13302	HUMAN_SAILING_CHARTING_WRITING01
13303	HUMAN_SAILING_CHARTING_TROLL01
13304	HUMAN_SAILING_CHARTING_DUCK_PICKUP01
13305	HUMAN_SAILING_CHARTING_DUCK_PLACE01
13310	HUMAN_SAILING_ANCHOR01_SMALL01_DROP01
13317	HUMAN_SAILING_ANCHOR01_LARGE01_PULL01
13318	HUMAN_SAILING_ANCHOR01_SMALL01_PULL01
13325	HUMAN_SAILING_CANNON01_SMALL01_ENGAGE01
13326	HUMAN_SAILING_CANNON01_SMALL01_ATTACK01
13327	HUMAN_SAILING_CANNON01_SMALL01_IDLE01
13340	HUMAN_SAILING_ALPHA_HELM_RAFT01_ACTIVE01
13341	HUMAN_SAILING_ALPHA_HELM_RAFT01_ACTIVE01_LOOP
13342	HUMAN_SAILING_ALPHA_HELM_RAFT01_TRIM_SAILS01
13343	HUMAN_SAILING_ALPHA_HELM_RAFT01_TRIM_SAILS01_LOOP
13344	HUMAN_SAILING_ALPHA_HELM_RAFT01_TRIM_SAILS02
13351	HUMAN_SAILING_ALPHA_HELM_SMALL01_ACTIVE01
13352	HUMAN_SAILING_ALPHA_HELM_SMALL01_ACTIVE01_LOOP
13353	HUMAN_SAILING_ALPHA_HELM_SMALL01_TRIM_SAILS01
13354	HUMAN_SAILING_ALPHA_HELM_SMALL01_TRIM_SAILS01_LOOP
13355	HUMAN_SAILING_ALPHA_HELM_SMALL01_TRIM_SAILS02
13362	HUMAN_SAILING_HELM_3X8_ACTIVE01
13363	HUMAN_SAILING_HELM_3X8_ACTIVE01_LOOP
13364	HUMAN_SAILING_HELM_3X8_TRIM_SAILS01
13365	HUMAN_SAILING_HELM_3X8_TRIM_SAILS01_LOOP
13366	HUMAN_SAILING_HELM_3X8_TRIM_SAILS02
13591	HUMAN_SAILING_SALVAGE01_LARGE01_DROP01
13592	HUMAN_SAILING_SALVAGE01_LARGE01_IDLE01
13593	HUMAN_SAILING_SALVAGE01_LARGE01_INTERACT01
13594	HUMAN_SAILING_SALVAGE01_LARGE01_RESET01
13694	HUMAN_WORKBENCH_CRAFTING_LOOP
13696	HUMAN_XMAS25_CHRISTMAS_DINNER_READY
13697	HUMAN_XMAS25_CHRISTMAS_DINNER_WALK_F
13698	HUMAN_XMAS25_CHRISTMAS_DINNER_WALK_B
13699	HUMAN_XMAS25_CHRISTMAS_DINNER_RUN
13700	HUMAN_XMAS25_CHRISTMAS_DINNER_ATTACK
13701	HUMAN_DEADMAN_ANNIHILATION_REWARD_TELEPORT_FULL
13702	HUMAN_DEADMAN_ANNIHILATION_REWARD_TELEPORT_01
13703	HUMAN_DEADMAN_ANNIHILATION_REWARD_TELEPORT_02
13704	HUMAN_DEADMAN_ANNIHILATION_REWARD_TELEPORT_03
13705	HUMAN_DEADMAN_ANNIHILATION_REWARD_TELEPORT_04
13706	HUMAN_DEADMAN_ANNIHILATION_REWARD_TELEPORT_05
13707	HUMAN_DEADMAN_ANNIHILATION_REWARD_TELEPORT_06
13753	HUMAN_KARAMBIT_ATTACK
13754	HUMAN_KARAMBIT_SPEC
13755	HUMAN_KARAMBIT_INSPECT
13761	HUMAN_LITHIC_SCEPTRE_SPEC_01
13762	HUMAN_INFERNAL_TECPATL_SPEC
13763	HUMAN_INFERNAL_TECPATL_ATTACK
13811	HUMAN_COWBOSS_TELEPORT
13815	HUMAN_COWQUEST_SICK
13816	HUMAN_SPIDER_SILK_CRAFTING
13821	HUMAN_IBANS_ORN_WALK_F
13822	HUMAN_IBANS_ORN_WALK_L
13823	HUMAN_IBANS_ORN_WALK_R
13824	HUMAN_IBANS_ORN_WALK_B
13825	HUMAN_IBANS_ORN_RUN_F
13826	HUMAN_IBANS_ORN_READY
13827	HUMAN_IBANS_ORN_MELEE
13828	HUMAN_IBANS_ORN_SEA_CAST
13829	HUMAN_IBANS_ORN_SWAMP_CAST
13830	HUMAN_IBANS_ORN_CAST
13869	HUMAN_MINING_DEMONIC_PACT
13870	HUMAN_WOODCUTTING_DEMONIC_PACT
13909	HUMAN_SUN_PRAYER_WALKMERGE
13945	HUMAN_CRAFT_RUPTURE_START
13946	HUMAN_CRAFT_RUPTURE_END
13948	HUMAN_VENATOR_SCREECH_IMPACT
13991	HUMAN_REACHFORLADDER_WALKMERGE
13992	HUMAN_DEATH_FADE
13993	HUMAN_DISTANT_IDLE
13994	HUMAN_CONCERNED_IDLE
13995	HUMAN_PLEASED_IDLE
13996	HUMAN_SUSPECTING_IDLE
13997	HUMAN_DISGRUNTLED_IDLE
13998	HUMAN_DISGRUNTLED_IDLE_NOHELD
13999	HUMAN_DETERMINED_IDLE
14000	HUMAN_SMUG_IDLE
14001	HUMAN_CONFUSED_IDLE
14002	HUMAN_CONFUSED_IDLE_NOHELD
14003	HUMAN_DAZED_WALK
14004	HUMAN_DAZED_READY
14005	HUMAN_DAZED_RUN
14089	HUMAN_WEAPONS_ARANEI_MAGIC_MADE_SWORD_IDLE
14090	HUMAN_WEAPONS_ARANEI_MAGIC_MADE_SWORD_WALK
14091	HUMAN_WEAPONS_ARANEI_MAGIC_MADE_SWORD_RUN
14092	HUMAN_WEAPONS_ARANEI_MAGIC_MADE_SWORD_UNSHEATH
14093	HUMAN_WEAPONS_ARANEI_MAGIC_MADE_SWORD_UNSHEATH_LOUD
14094	HUMAN_WEAPONS_ARANEI_MAGIC_MADE_SWORD_UNSHEATH_SILENT
14095	HUMAN_WEAPONS_ARANEI_MAGIC_MADE_SWORD_SHEATH
14096	HUMAN_WEAPONS_ARANEI_MAGIC_MADE_SWORD_SLASH
14233	HUMAN_MYQ6_AGILITY_SPRINT_F
14234	HUMAN_MYQ6_AGILITY_SLIDE_F
14235	HUMAN_MYQ6_AGILITY_STILE
14236	HUMAN_MYQ6_AGILITY_SPRINT_TRANSITION
14237	HUMAN_MYQ6_AGILITY_RUN
14238	HUMAN_MYQ6_WYRD_ROLL
14240	HUMAN_MYQ6_AGILITY_HILLSLIDE_F
14241	HUMAN_MYQ6_AGILITY_SLIDE_FAIL
14244	HUMAN_WEAPONS_HALLOWED_FLAIL01_ATTACK01
14245	HUMAN_WEAPONS_HALLOWED_FLAIL01_WALK_F
14246	HUMAN_WEAPONS_HALLOWED_FLAIL01_RUN_F
14247	HUMAN_WEAPONS_HALLOWED_FLAIL01_DEFEND
14248	HUMAN_WEAPONS_HALLOWED_FLAIL01_READY01
14249	HUMAN_WEAPONS_HALLOWED_FLAIL01_ATTACK02
14251	HUMAN_WEAPONS_CRIMSON_KISTEN_READY01
14252	HUMAN_WEAPONS_CRIMSON_KISTEN_WALK_F
14253	HUMAN_WEAPONS_CRIMSON_KISTEN_ATTACK
14254	HUMAN_WEAPONS_CRIMSON_KISTEN_RUN_F
14255	HUMAN_WEAPONS_CRIMSON_KISTEN_SPECIAL
14257	HUMAN_WEAPONS_CRIMSON_KISTEN_DEF
14258	HUMAN_WEAPONS_HALLOWED_FLAIL01_TURNONSPOT
14259	HUMAN_WEAPONS_SUNSPEAR_SPEC
14260	HUMAN_FELLING_CHARGE_SLOW01
14261	HUMAN_FELLING_CHARGE_SLOW02
14262	HUMAN_FELLING_CHARGE_FAST01
14263	HUMAN_FELLING_SWING01
14264	HUMAN_FELLING_BOTCH01
14265	HUMAN_FELLING_TAP01
14284	HUMAN_STYMPHIKE_RUSTLE
14285	HUMAN_STYMPHIKE_IDLE
14286	HUMAN_STYMPHIKE_IDLE_START
14408	HUMAN_THROWROPE_UP_SNAKE
14409	HUMAN_SWORD_SLASH_THEN_DEF_THEN_DIE
14410	HUMAN_SWORD_DEF_THEN_DIE
14411	HUMAN_SWORD_SLASH_THEN_DEF_THEN_DIE_QUICK
14412	HUMAN_SWORD_DEF_THEN_DIE_QUICK
14413	HUMAN_CREATEFIRE_SINGLE
14414	HUMAN_FLETCHING_SINGLE_NO_ITEMS
14415	HUMAN_FLETCHING_SINGLE_NO_ITEMS_SILENT
14416	HUMAN_HERBING_VIAL_ONLY
14417	HUMAN_EXPLODINGVIAL_NOHELD
14418	HUMAN_SQUEEZE
14425	HUMAN_TELEPORT_OTHER_IMPACT_PRIORITY
14426	HUMAN_TELEPORT_OTHER_CASTING_PRIORITY
14427	HUMAN_PRAY_LOWPRIO
